"V1","V2"
"AA->AA","NOT"
"CA->AA","NOT"
"GA->AA","NOT"
"TA->AA","NOT"
"AC->AA","NOT"
"CC->AA","GC>TA"
"GC->AA","NOT"
"TC->AA","NOT"
"AG->AA","NOT"
"CG->AA","NOT"
"GG->AA","GC>AT"
"TG->AA","NOT"
"AT->AA","NOT"
"CT->AA","NOT"
"GT->AA","NOT"
"TT->AA","AT>TA"
"AA->CA","AT>CG"
"CA->CA","NOT"
"GA->CA","GC>CG"
"TA->CA","AT>GC"
"AC->CA","NOT"
"CC->CA","GC>TA"
"GC->CA","GC>AT"
"TC->CA","AT>TA"
"AG->CA","GC>CG"
"CG->CA","GC>AT"
"GG->CA","NOT"
"TG->CA","NOT"
"AT->CA","AT>GC"
"CT->CA","AT>TA"
"GT->CA","NOT"
"TT->CA","NOT"
"AA->GA","AT>GC"
"CA->GA","GC>CG"
"GA->GA","NOT"
"TA->GA","AT>CG"
"AC->GA","GC>CG"
"CC->GA","NOT"
"GC->GA","GC>TA"
"TC->GA","NOT"
"AG->GA","NOT"
"CG->GA","GC>TA"
"GG->GA","GC>AT"
"TG->GA","AT>TA"
"AT->GA","AT>CG"
"CT->GA","NOT"
"GT->GA","AT>TA"
"TT->GA","NOT"
"AA->TA","AT>TA"
"CA->TA","GC>AT"
"GA->TA","GC>TA"
"TA->TA","NOT"
"AC->TA","GC>AT"
"CC->TA","NOT"
"GC->TA","NOT"
"TC->TA","GC>TA"
"AG->TA","GC>TA"
"CG->TA","NOT"
"GG->TA","NOT"
"TG->TA","GC>AT"
"AT->TA","NOT"
"CT->TA","GC>TA"
"GT->TA","GC>AT"
"TT->TA","AT>TA"
"AA->AC","AT>CG"
"CA->AC","NOT"
"GA->AC","GC>CG"
"TA->AC","AT>GC"
"AC->AC","NOT"
"CC->AC","GC>TA"
"GC->AC","GC>AT"
"TC->AC","AT>TA"
"AG->AC","GC>CG"
"CG->AC","GC>AT"
"GG->AC","NOT"
"TG->AC","NOT"
"AT->AC","AT>GC"
"CT->AC","AT>TA"
"GT->AC","NOT"
"TT->AC","NOT"
"AA->CC","AT>CG"
"CA->CC","NOT"
"GA->CC","NOT"
"TA->CC","NOT"
"AC->CC","NOT"
"CC->CC","NOT"
"GC->CC","NOT"
"TC->CC","NOT"
"AG->CC","NOT"
"CG->CC","NOT"
"GG->CC","GC>CG"
"TG->CC","NOT"
"AT->CC","NOT"
"CT->CC","NOT"
"GT->CC","NOT"
"TT->CC","AT>GC"
"AA->GC","NOT"
"CA->GC","AT>GC"
"GA->GC","AT>CG"
"TA->GC","NOT"
"AC->GC","AT>GC"
"CC->GC","GC>CG"
"GC->GC","NOT"
"TC->GC","AT>CG"
"AG->GC","AT>CG"
"CG->GC","NOT"
"GG->GC","GC>CG"
"TG->GC","AT>GC"
"AT->GC","NOT"
"CT->GC","AT>CG"
"GT->GC","AT>GC"
"TT->GC","NOT"
"AA->TC","NOT"
"CA->TC","AT>TA"
"GA->TC","NOT"
"TA->TC","AT>CG"
"AC->TC","AT>TA"
"CC->TC","GC>AT"
"GC->TC","GC>TA"
"TC->TC","NOT"
"AG->TC","NOT"
"CG->TC","GC>TA"
"GG->TC","NOT"
"TG->TC","GC>CG"
"AT->TC","AT>CG"
"CT->TC","NOT"
"GT->TC","GC>CG"
"TT->TC","AT>GC"
"AA->AG","AT>GC"
"CA->AG","GC>CG"
"GA->AG","NOT"
"TA->AG","AT>CG"
"AC->AG","GC>CG"
"CC->AG","NOT"
"GC->AG","GC>TA"
"TC->AG","NOT"
"AG->AG","NOT"
"CG->AG","GC>TA"
"GG->AG","GC>AT"
"TG->AG","AT>TA"
"AT->AG","AT>CG"
"CT->AG","NOT"
"GT->AG","AT>TA"
"TT->AG","NOT"
"AA->CG","NOT"
"CA->CG","AT>GC"
"GA->CG","AT>CG"
"TA->CG","NOT"
"AC->CG","AT>GC"
"CC->CG","GC>CG"
"GC->CG","NOT"
"TC->CG","AT>CG"
"AG->CG","AT>CG"
"CG->CG","NOT"
"GG->CG","GC>CG"
"TG->CG","AT>GC"
"AT->CG","NOT"
"CT->CG","AT>CG"
"GT->CG","AT>GC"
"TT->CG","NOT"
"AA->GG","AT>GC"
"CA->GG","NOT"
"GA->GG","NOT"
"TA->GG","NOT"
"AC->GG","NOT"
"CC->GG","GC>CG"
"GC->GG","NOT"
"TC->GG","NOT"
"AG->GG","NOT"
"CG->GG","NOT"
"GG->GG","NOT"
"TG->GG","NOT"
"AT->GG","NOT"
"CT->GG","NOT"
"GT->GG","NOT"
"TT->GG","AT>CG"
"AA->TG","NOT"
"CA->TG","NOT"
"GA->TG","AT>TA"
"TA->TG","AT>GC"
"AC->TG","NOT"
"CC->TG","NOT"
"GC->TG","GC>AT"
"TC->TG","GC>CG"
"AG->TG","AT>TA"
"CG->TG","GC>AT"
"GG->TG","GC>TA"
"TG->TG","NOT"
"AT->TG","AT>GC"
"CT->TG","GC>CG"
"GT->TG","NOT"
"TT->TG","AT>CG"
"AA->AT","AT>TA"
"CA->AT","GC>AT"
"GA->AT","GC>TA"
"TA->AT","NOT"
"AC->AT","GC>AT"
"CC->AT","NOT"
"GC->AT","NOT"
"TC->AT","GC>TA"
"AG->AT","GC>TA"
"CG->AT","NOT"
"GG->AT","NOT"
"TG->AT","GC>AT"
"AT->AT","NOT"
"CT->AT","GC>TA"
"GT->AT","GC>AT"
"TT->AT","AT>TA"
"AA->CT","NOT"
"CA->CT","AT>TA"
"GA->CT","NOT"
"TA->CT","AT>CG"
"AC->CT","AT>TA"
"CC->CT","GC>AT"
"GC->CT","GC>TA"
"TC->CT","NOT"
"AG->CT","NOT"
"CG->CT","GC>TA"
"GG->CT","NOT"
"TG->CT","GC>CG"
"AT->CT","AT>CG"
"CT->CT","NOT"
"GT->CT","GC>CG"
"TT->CT","AT>GC"
"AA->GT","NOT"
"CA->GT","NOT"
"GA->GT","AT>TA"
"TA->GT","AT>GC"
"AC->GT","NOT"
"CC->GT","NOT"
"GC->GT","GC>AT"
"TC->GT","GC>CG"
"AG->GT","AT>TA"
"CG->GT","GC>AT"
"GG->GT","GC>TA"
"TG->GT","NOT"
"AT->GT","AT>GC"
"CT->GT","GC>CG"
"GT->GT","NOT"
"TT->GT","AT>CG"
"AA->TT","AT>TA"
"CA->TT","NOT"
"GA->TT","NOT"
"TA->TT","NOT"
"AC->TT","NOT"
"CC->TT","GC>AT"
"GC->TT","NOT"
"TC->TT","NOT"
"AG->TT","NOT"
"CG->TT","NOT"
"GG->TT","GC>TA"
"TG->TT","NOT"
"AT->TT","NOT"
"CT->TT","NOT"
"GT->TT","NOT"
"TT->TT","NOT"
